job_title,comp_name,job_location,job_posted,job_link
Analyst Relations Coordinator,Dropbox,"San Francisco, CA",Just posted,https://www.indeed.com/rc/clk?jk=6674a8d2d10c2c25&fccid=8510f9bc3a085f8e
Research Analyst at Cisco Umbrella,Cisco,"San Francisco, CA",Just posted,https://www.indeed.com/rc/clk?jk=3a5769609c4717ec&fccid=dfc44f3b8c44a6db
Bioinformatics Analyst,Ancestry,"San Francisco, CA",Just posted,https://www.indeed.com/rc/clk?jk=6f9ef46d89cbe0c5&fccid=8a644f7a25dca5dc
Equity Portfolio Analyst - Mellon Capital Management,BNY Mellon,"San Francisco, CA",Just posted,https://www.indeed.com/rc/clk?jk=42f864e095d436fd&fccid=b4048be2884af072
email Marketing Analyst,"Williams-Sonoma, Inc.","San Francisco, CA 94111 (Financial District area)",Just posted,https://www.indeed.com/rc/clk?jk=f549776ad8e4e7bc&fccid=cdd85c4d445cce0f
Data Science Senior Analyst,Accenture,"San Francisco, CA 94105 (Financial District area)",Just posted,https://www.indeed.com/rc/clk?jk=f84a64c89aba5aed&fccid=a4e4e2eaf26690c9
"Payments Analyst, Terminal",Square,"San Francisco, CA 94103 (South Of Market area)",Just posted,https://www.indeed.com/rc/clk?jk=2d0978aa4a0df8f3&fccid=09abad886b83c501
Data Management Senior Analyst,Accenture,"San Francisco, CA 94105 (Financial District area)",Just posted,https://www.indeed.com/rc/clk?jk=17e5bb2df9b58653&fccid=a4e4e2eaf26690c9
Test Analyst - US,ITL USA,"San Francisco, CA",Just posted,https://www.indeed.com/rc/clk?jk=7f695cf3a863dac7&fccid=493827a670a9b205
Senior Financial Analyst,Cruise,"San Francisco, CA",Just posted,https://www.indeed.com/rc/clk?jk=824d9c8ccee936bd&fccid=659e112b744662b5
Practice Administrator,CEP America,"San Francisco, CA",Just posted,https://www.indeed.com/rc/clk?jk=8c46a627f69be898&fccid=f8a6a33adfd64fd4
"Staff Engineer, Platform (macys.com)",Macy's,"San Francisco, CA",Just posted,https://www.indeed.com/rc/clk?jk=59c60586bd4eb307&fccid=6df24d87c9f05a07
Senior Software Developer (ETL Design) - Asset Management,BNY Mellon,"San Francisco, CA",Just posted,https://www.indeed.com/rc/clk?jk=b6b4ab6f5a015b1e&fccid=b4048be2884af072
Senior Compensation Analyst,Square,"San Francisco, CA 94103 (South Of Market area)",Just posted,https://www.indeed.com/rc/clk?jk=dacd619ea4a54afe&fccid=09abad886b83c501
Analyst,Moody's Investors Service,"San Francisco, CA 94111 (Financial District area)",Today,https://www.indeed.com/rc/clk?jk=ce614d9d3b6a40c7&fccid=98710626d7463231
Marketing Analyst,Comcast,"San Francisco, CA 94108 (Financial District area)",Today,https://www.indeed.com/rc/clk?jk=f990e4249070529c&fccid=ea25315ee9da22e5
Benefits Analyst,Namely,"San Francisco, CA",Today,https://www.indeed.com/rc/clk?jk=7e0750bcef651b41&fccid=04452fd4fd78dffd
Valuation Analyst,Colliers International,"San Francisco, CA",Today,https://www.indeed.com/rc/clk?jk=1368cd7ee60cc2d1&fccid=1a9a1146f8fe1ec1
Practice Technology Analyst,Morgan Lewis,"San Francisco, CA",Today,https://www.indeed.com/rc/clk?jk=139022a750fffeeb&fccid=06ace62fdbc29440
Data Architect,Pattern Energy,"San Francisco, CA",Today,https://www.indeed.com/rc/clk?jk=369a0e700ea8c66a&fccid=557c679bf3fb6df4
Data Architect,Pattern Energy,"San Francisco, CA",Today,https://www.indeed.com/rc/clk?jk=369a0e700ea8c66a&fccid=557c679bf3fb6df4
Fraud Analyst Manager,JUUL Labs,"San Francisco, CA",Today,https://www.indeed.com/rc/clk?jk=59e9cc44bfddb9f1&fccid=6e0a19936820440f
Senior Competitive Intelligence Research Analyst,Ropes & Gray,"San Francisco, CA 94111 (Financial District area)",Today,https://www.indeed.com/rc/clk?jk=98421b2a06336c80&fccid=a842105b0d8c7ad2
IT Analyst,Irvine Technology Corp,"San Francisco, CA 94111 (Financial District area)",Today,https://www.indeed.com/rc/clk?jk=2f84e19647325b45&fccid=e9dcf3be047090e7
Senior Financial Analyst,Gymboree,"San Francisco, CA 94105 (Financial District area)",Today,https://www.indeed.com/rc/clk?jk=9a6c3f9f58f797b4&fccid=6c2c76a8086bb357
"Mobile Developer, iOS (macys.com)",Macy's,"San Francisco, CA",Today,https://www.indeed.com/rc/clk?jk=16ecdfaee56f4b59&fccid=6df24d87c9f05a07
Senior Product Marketing Manager (Evangelist),Delphix,"San Francisco, CA",Today,https://www.indeed.com/rc/clk?jk=38b705aa1169b26a&fccid=ee8610e30dfa5c06
Sr. Business Operations Analyst,AppDynamics,"San Francisco, CA",Today,https://www.indeed.com/rc/clk?jk=016b5f74c12e0fcf&fccid=e37c1d7246c91b01
Data Scientist,Tapjoy,"San Francisco, CA 94104 (Financial District area)",Today,https://www.indeed.com/rc/clk?jk=1d3b7ea0c9552899&fccid=846be9e41351e832
Data Analyst,First Republic Bank,"San Francisco, CA",Today,https://www.indeed.com/rc/clk?jk=c5b3473c51ff4cf4&fccid=e228a3c78d0f7f13
Contingent: Data Analyst,First Republic Bank,"San Francisco, CA",Today,https://www.indeed.com/rc/clk?jk=bc080403e64158fb&fccid=e228a3c78d0f7f13
Underwriting Analyst,NORCAL MUTUAL INSURANCE COMPANY,"San Francisco, CA 94111 (Financial District area)",Today,https://www.indeed.com/rc/clk?jk=95ff53b3e084a8e1&fccid=b3b88bc459c881f4
"Clinical Research Management, Analyst",University of California San Francisco,"San Francisco, CA",Today,https://www.indeed.com/rc/clk?jk=1e5c975ec0577a95&fccid=2a341562d64c7cdb
Financial Analyst-Capital & Real Estate,Sephora,"San Francisco, CA 94105 (Financial District area)",Today,https://www.indeed.com/rc/clk?jk=4191e7941e276ba8&fccid=afda98bfc8224b19
"Sr Analyst, BI Application Delivery, Front-end and Visualizations",Levi Strauss & Co.,"San Francisco, CA 94111 (Financial District area)",Today,https://www.indeed.com/rc/clk?jk=01ab846bf19bbce9&fccid=dc023faa36b88bf2
"Director, Marketing Analytics",Zendesk,"San Francisco, CA 94103 (South Of Market area)",Today,https://www.indeed.com/rc/clk?jk=c8d8ddef58c4e20c&fccid=41e8f9abd9840a7a
"ADM Support Lead, Expert",PG&E,"San Francisco, CA 94107 (South Of Market area)",Today,https://www.indeed.com/rc/clk?jk=e188bd32789b2145&fccid=0e8f04b45c1591f5
Finance Operations Manager,University of California San Francisco,"San Francisco, CA",Today,https://www.indeed.com/rc/clk?jk=174ab6e5000aadf1&fccid=2a341562d64c7cdb
Research Data Analyst,University of California San Francisco,"San Francisco, CA",1 day ago,https://www.indeed.com/rc/clk?jk=1b8a5b170361bca4&fccid=2a341562d64c7cdb
Data Scientist,Sumeru Solutions,"San Francisco, CA 94105 (Financial District area)",1 day ago,https://www.indeed.com/rc/clk?jk=c67174e5f60cefd6&fccid=017a5fb77d5b9c10
Merchandise Planner / Inventory Planning Analyst,Dolls Kill,"San Francisco, CA",1 day ago,https://www.indeed.com/rc/clk?jk=ce5093a01926c11d&fccid=da7cb7068b5cdc2d
Financial Analyst,CBRE,"San Francisco, CA",1 day ago,https://www.indeed.com/rc/clk?jk=ddba0d413f3bc3f4&fccid=c9b9e477b3c84b4d
IT Desktop Analyst L2,Esurance,"San Francisco, CA",1 day ago,https://www.indeed.com/rc/clk?jk=4c1357edb2ebb23e&fccid=25cda752a689f9b8
User Acquisition Analyst,"Primer, Inc.","San Francisco, CA",1 day ago,https://www.indeed.com/rc/clk?jk=73dbe327d6691b48&fccid=8bc43988a35a3e76
Data Scientist,Glocomms,"San Francisco, CA",1 day ago,https://www.indeed.com/rc/clk?jk=cc06e15af35aefcf&fccid=9e6dba89b2c0198e
"Financial Analyst, FP&A",Lending Club,"San Francisco, CA 94105 (Financial District area)",1 day ago,https://www.indeed.com/rc/clk?jk=d9195cc05b628295&fccid=f0087c9c775936fe
"Principal Product Manager / Director, Search & Data Products",Instacart,"San Francisco, CA",1 day ago,https://www.indeed.com/rc/clk?jk=6fcc03b2bc83ee14&fccid=a06a9e27d7a0ff03
Planner V,City & County of San Francisco,"San Francisco, CA 94124 (Bayview area)",1 day ago,https://www.indeed.com/rc/clk?jk=7a5c0506da97d9e6&fccid=ea2725d0fe2238fd
Planner II - Preservation Planner,City & County of San Francisco,"San Francisco, CA 94124 (Bayview area)",1 day ago,https://www.indeed.com/rc/clk?jk=23228dd123422143&fccid=ea2725d0fe2238fd
Real Estate Systems Analyst,Salesforce,"San Francisco, CA",1 day ago,https://www.indeed.com/rc/clk?jk=463a5630fc1cfc32&fccid=4027cfd917e1ee29
Data Scientist ( IoT Startup),Workbridge Associates,"San Francisco, CA",1 day ago,https://www.indeed.com/rc/clk?jk=aff213d3bcdcefee&fccid=a6920e0a635e5c4e
Sr. Lead Data Scientist/ Engineer,Salesforce,"San Francisco, CA",1 day ago,https://www.indeed.com/rc/clk?jk=be9a2aaa61040ed6&fccid=4027cfd917e1ee29
Senior Pricing Analyst,Telstra,"San Francisco, CA",1 day ago,https://www.indeed.com/rc/clk?jk=c3fde3953cd193ed&fccid=37a309344fac585c
Portfolio Marketing Spectrum Storage,IBM,"San Francisco, CA",1 day ago,https://www.indeed.com/rc/clk?jk=cda09f6506d3b043&fccid=de71a49b535e21cb
ADMINISTRATIVE-H3,"Faneuil, Inc.","San Francisco, CA",1 day ago,https://www.indeed.com/rc/clk?jk=12c52ec38c936c06&fccid=f6bfeb5e457285c5
Copywriter,Mode,"San Francisco, CA",1 day ago,https://www.indeed.com/rc/clk?jk=02f4707021463d42&fccid=91bbe5abd5c92a78
Corporate Planning Analyst - 001423,"OUTSOURCE Consulting Services, Inc.","San Francisco, CA",1 day ago,https://www.indeed.com/rc/clk?jk=720a3356cc7d7a49&fccid=2c9ec297dcc76446
Principal Product Manager,Instacart,"San Francisco, CA",1 day ago,https://www.indeed.com/rc/clk?jk=3c075ccb81abcc4d&fccid=a06a9e27d7a0ff03
"Manager, Patient Impact Analytics",Grand Rounds,"San Francisco, CA 94107 (South Of Market area)",1 day ago,https://www.indeed.com/rc/clk?jk=80fde5df98791e56&fccid=674737b89dda47a6
Director of Financial Planning & Analysis (FP&A),"Gametime United, Inc.","San Francisco, CA",1 day ago,https://www.indeed.com/rc/clk?jk=9dcea9cf5d4e0be7&fccid=b43299be333afd7f
Customer Success (CX) Specialist,"Anaplan, Inc.","San Francisco, CA 94108 (Financial District area)",1 day ago,https://www.indeed.com/rc/clk?jk=3c012dabe1f603ad&fccid=dd616958bd9ddc12
Contingent: Project Manager,First Republic Bank,"San Francisco, CA",1 day ago,https://www.indeed.com/rc/clk?jk=fae8bae7f6cafa8e&fccid=e228a3c78d0f7f13
Reporting Analyst II,Genuent,"San Francisco, CA 94104 (Financial District area)",1 day ago,https://www.indeed.com/rc/clk?jk=56e8e45f22e96cb4&fccid=fbececf47bbee29f
Supply Chain Fulfillment Analyst,"TalentBurst, Inc.","San Francisco, CA 94105 (Financial District area)",1 day ago,https://www.indeed.com/rc/clk?jk=161de65deb7707a0&fccid=58d90820bb2739b5
Data Scientist (Sales Analytics),Workbridge Associates,"San Francisco, CA",1 day ago,https://www.indeed.com/rc/clk?jk=29eef98603552dbc&fccid=a6920e0a635e5c4e
Senior Litigation Analyst - SF_LA_DC,Alchemy Legal,"San Francisco, CA",1 day ago,https://www.indeed.com/rc/clk?jk=74372dc94c318a6e&fccid=43aad5356dd68483
"Senior Product Manager, SEO & App Store Optimization",Instacart,"San Francisco, CA",1 day ago,https://www.indeed.com/rc/clk?jk=cc8e0f3dee24a875&fccid=a06a9e27d7a0ff03
"Senior Manager, Sales and Operations Planning, Global Supply Chain",Gap Inc. Corporate,"San Francisco, CA",1 day ago,https://www.indeed.com/rc/clk?jk=15140fd7eceab145&fccid=76644a33987f2488
"Product Growth Manager, Social",Kenshoo,"San Francisco, CA 94103 (South Of Market area)",1 day ago,https://www.indeed.com/rc/clk?jk=985cf3921c45c38b&fccid=98697fc43b1a0f7d
